{
    "_id": {
        "$oid": "53f364152b8b56021c000023"
    },
    "_type": "Comment",
    "abuse_flaggers": [],
    "anonymous": false,
    "anonymous_to_peers": false,
    "at_position_list": [],
    "author_id": "1110695",
    "author_username": "veganpeace",
    "body": "The official documentation's pages about ColorImage and Canvas can be found in [http://w02.hkvu.hk/edX/COMP102x/Javadoc/comp102x/comp102x/ColorImage.html](http://w02.hkvu.hk/edX/COMP102x/Javadoc/comp102x/comp102x/ColorImage.html) and  [http://w02.hkvu.hk/edX/COMP102x/Javadoc/comp102x/comp102x/Canvas.html](http://w02.hkvu.hk/edX/COMP102x/Javadoc/comp102x/comp102x/Canvas.html).\n\nAlso, just in case you need it, for the doc about other related classes (i.e., belonging to the package comp102x) like CanvasObject, etc, you may go to [http://w02.hkvu.hk/edX/COMP102x/Javadoc/comp102x/index.html](http://w02.hkvu.hk/edX/COMP102x/Javadoc/comp102x/index.html), as informed in this course's [Resources page](https://courses.edx.org/courses/HKUSTx/COMP102x/2T2014/e1ac0d84b6a946278c98e4636a6f830f/).",
    "comment_thread_id": {
        "$oid": "53f310fa2b8b56dd15000019"
    },
    "course_id": "HKUSTx/COMP102x/2T2014",
    "created_at": {
        "$date": 1408459797884
    },
    "endorsed": false,
    "historical_abuse_flaggers": [],
    "parent_ids": [],
    "sk": "53f364152b8b56021c000023",
    "updated_at": {
        "$date": 1408459880380
    },
    "visible": true,
    "votes": {
        "up": [],
        "down": [],
        "up_count": 0,
        "down_count": 0,
        "count": 0,
        "point": 0
    }
} 