{
  "i4x://HKUSTx/COMP102x/chapter/1ee4603833d742e698d27695d2aa25b5": {
    "category": "chapter", 
    "children": [
      "i4x://HKUSTx/COMP102x/sequential/0ff0a1abcd3e453ea6684a3892c3eca0"
    ], 
    "metadata": {
      "display_name": "Week 1 - Course Overview", 
      "start": "2014-06-20T01:00:00Z"
    }
  },
  "i4x://HKUSTx/COMP102x/course/2T2014": {
    "category": "course", 
    "children": [
      "i4x://HKUSTx/COMP102x/chapter/1ee4603833d742e698d27695d2aa25b5"
    ], 
    "metadata": {
      "advanced_modules": [
        "openassessment"
      ], 
      "allow_anonymous": true, 
      "course_image": "HKUSTxCOMP102xAbout.jpg", 
      "discussion_blackouts": [], 
      "discussion_topics": {
        "01 General": {
          "id": "i4x-HKUSTx-COMP102x-course-2014"
        }, 
        "02 Course Content": {
          "id": "i4x-HKUSTx-COMP102x-course-2014-CourseContent"
        }, 
        "03 Problem Sets": {
          "id": "i4x-HKUSTx-COMP102x-course-2014-ProblemSets"
        }, 
        "04 Lab Exercises": {
          "id": "i4x-HKUSTx-COMP102x-course-2014-LabExercises"
        }, 
        "05 Project": {
          "id": "i4x-HKUSTx-COMP102x-course-2014-Project"
        }, 
        "06 Final Exam": {
          "id": "i4x-HKUSTx-COMP102x-course-2014-FinalExam"
        }, 
        "07 Software Technical Issues": {
          "id": "i4x-HKUSTx-COMP102x-course-2014-SoftwareTechnicalIssues"
        }, 
        "08 Platform Technical Issues": {
          "id": "i4x-HKUSTx-COMP102x-course-2014-PlatformTechnicalIssues"
        }
      }, 
      "display_name": "Introduction to Computing with Java",       
      "end": "2014-09-05T19:00:00Z", 
      "graceperiod": "", 
      "start": "2014-06-17T22:00:00Z", 
      "tabs": [
        {
          "name": "Courseware", 
          "type": "courseware"
        }, 
        {
          "name": "Course Info", 
          "type": "course_info"
        }, 
        {
          "name": "Course Outline", 
          "type": "static_tab", 
          "url_slug": "525568874ef04750a70d4b08aaeca914"
        }, 
        {
          "name": "Grading Scheme", 
          "type": "static_tab", 
          "url_slug": "9a8d1d1df5c14062b0544272f291288b"
        }, 
        {
          "name": "Resources", 
          "type": "static_tab", 
          "url_slug": "e1ac0d84b6a946278c98e4636a6f830f"
        }, 
        {
          "name": "Discussion", 
          "type": "discussion"
        }, 
        {
          "is_hidden": true, 
          "name": "Wiki", 
          "type": "wiki"
        }, 
        {
          "name": "Progress", 
          "type": "progress"
        }, 
        {
          "name": "Textbooks", 
          "type": "textbooks"
        }
      ]
    }
  }, 
  "i4x://HKUSTx/COMP102x/sequential/0ff0a1abcd3e453ea6684a3892c3eca0": {
    "category": "sequential", 
    "children": [
      "i4x://HKUSTx/COMP102x/vertical/339b52830936407aa794d69f5a5d49fd"
    ], 
    "metadata": {
      "display_name": "First Java Program"
    }
  }, 
  "i4x://HKUSTx/COMP102x/vertical/339b52830936407aa794d69f5a5d49fd": {
    "category": "vertical", 
    "children": [
      "i4x://HKUSTx/COMP102x/video/bc2a306981954120bfecb393f1a1c980", 
      "i4x://HKUSTx/COMP102x/video/bdff0479f7de44c599fdef74eda74f1b"
    ], 
    "metadata": {
      "display_name": "First Java Program"
    }
  }, 
  "i4x://HKUSTx/COMP102x/video/bc2a306981954120bfecb393f1a1c980": {
    "category": "video", 
    "children": [], 
    "metadata": {
      "display_name": "Sorting Images", 
      "download_track": true, 
      "download_video": true, 
      "html5_sources": [
        "http://w02.hkvu.hk/edX/COMP102x/download/COMP102x-L6-T2.3-Sorting Images.mp4"
      ], 
      "sub": "COMP102x-L6-T2.3-Sorting Images", 
      "youtube_id_1_0": "wd4G73I5Wm8"
    }
  }, 
  "i4x://HKUSTx/COMP102x/video/bdff0479f7de44c599fdef74eda74f1b": {
    "category": "video", 
    "children": [], 
    "metadata": {
      "display_name": "HelloWorld", 
      "download_track": true, 
      "download_video": true, 
      "html5_sources": [
        "http://w02.hkvu.hk/edX/COMP102x/download/COMP102x-L1-T5.1-HelloWorld.mp4"
      ], 
      "sub": "COMP102x-L1-T5.1-HelloWorld", 
      "youtube_id_1_0": "RUV9xjL3kYA"
    }
  }
}