originalId	username	name	language	location	birthDate	educationLevel	gender	country
265520	Jonghoon	"Jonghoon Ryu"		"Maetan 3 Dong Jugong Green Ville 306-301, Youngtong-Gu, Suwon, Kyunggi, South Korea"	1973		m		
3817068	GineannK	"Gineann Myvelia Bruno Karzai"		"House No. 56/A, Kalina Village, Santacruz (East), Mumbai 400029, Maharashtra, India"	1992		f		
1646583	dammala	"Anu"		""					
3464706	akhilsourabh	"RAJAPATRUNI SAI SOURABH PATRO"		"residential complex for government officials ,block-B,flat no:309,malakpet ,near bakers-q malakpet,hyderabad .pincode-500036"	1995		m		 
455224	sabeeee	"Muhammad Sabih"		"House # D-4. Postal Colony Quaid e azam road Multan Cannt Pakistan"	1991		m		
